id,number,pokename,total,hp,attack,defense,sp_atk,sp_def
1,0001,Bulbasaur,318,45,49,49,65,65
2,0002,Ivysaur,405,60,62,63,80,80
3,0003,Venusaur,525,80,82,83,100,100
4,0003,Venusaur,625,80,100,123,122,120
5,0004,Charmander,309,39,52,43,60,50
6,0005,Charmeleon,405,58,64,58,80,65
7,0006,Charizard,534,78,84,78,109,85
8,0006,Charizard,634,78,130,111,130,85
9,0006,Charizard,634,78,104,78,159,115
10,0007,Squirtle,314,44,48,65,50,64
11,0008,Wartortle,405,59,63,80,65,80
12,0009,Blastoise,530,79,83,100,85,105
13,0009,Blastoise,630,79,103,120,135,115
14,0010,Caterpie,195,45,30,35,20,20
15,0011,Metapod,205,50,20,55,25,25
16,0012,Butterfree,395,60,45,50,90,80
17,0013,Weedle,195,40,35,30,20,20
18,0014,Kakuna,205,45,25,50,25,25
19,0015,Beedrill,395,65,90,40,45,80
20,0015,Beedrill,495,65,150,40,15,80
21,0016,Pidgey,251,40,45,40,35,35
22,0017,Pidgeotto,349,63,60,55,50,50
23,0018,Pidgeot,479,83,80,75,70,70
24,0018,Pidgeot,579,83,80,80,135,80
25,0019,Rattata,253,30,56,35,25,35
26,0019,Rattata,253,30,56,35,25,35
27,0020,Raticate,413,55,81,60,50,70
28,0020,Raticate,413,75,71,70,40,80
29,0021,Spearow,262,40,60,30,31,31
30,0022,Fearow,442,65,90,65,61,61
31,0023,Ekans,288,35,60,44,40,54
32,0024,Arbok,448,60,95,69,65,79
33,0025,Pikachu,320,35,55,40,50,50
34,0025,Pikachu,430,45,80,50,75,60
35,0026,Raichu,485,60,90,55,90,80
36,0026,Raichu,485,60,85,50,95,85
37,0027,Sandshrew,300,50,75,85,20,30
38,0027,Sandshrew,300,50,75,90,10,35
39,0028,Sandslash,450,75,100,110,45,55
40,0028,Sandslash,450,75,100,120,25,65
41,0029,Nidoran♀,275,55,47,52,40,40
42,0030,Nidorina,365,70,62,67,55,55
43,0031,Nidoqueen,505,90,92,87,75,85
44,0032,Nidoran♂,273,46,57,40,40,40
45,0033,Nidorino,365,61,72,57,55,55
46,0034,Nidoking,505,81,102,77,85,75
47,0035,Clefairy,323,70,45,48,60,65
48,0036,Clefable,483,95,70,73,95,90
49,0037,Vulpix,299,38,41,40,50,65
50,0037,Vulpix,299,38,41,40,50,65
51,0038,Ninetales,505,73,76,75,81,100
52,0038,Ninetales,505,73,67,75,81,100
53,0039,Jigglypuff,270,115,45,20,45,25
54,0040,Wigglytuff,435,140,70,45,85,50
55,0041,Zubat,245,40,45,35,30,40
56,0042,Golbat,455,75,80,70,65,75
57,0043,Oddish,320,45,50,55,75,65
58,0044,Gloom,395,60,65,70,85,75
59,0045,Vileplume,490,75,80,85,110,90
60,0046,Paras,285,35,70,55,45,55
61,0047,Parasect,405,60,95,80,60,80
62,0048,Venonat,305,60,55,50,40,55
63,0049,Venomoth,450,70,65,60,90,75
64,0050,Diglett,265,10,55,25,35,45
65,0050,Diglett,265,10,55,30,35,45
66,0051,Dugtrio,425,35,100,50,50,70
67,0051,Dugtrio,425,35,100,60,50,70
68,0052,Meowth,290,40,45,35,40,40
69,0052,Meowth,290,40,35,35,50,40
70,0052,Meowth,290,50,65,55,40,40
71,0053,Persian,440,65,70,60,65,65
72,0053,Persian,440,65,60,60,75,65
73,0054,Psyduck,320,50,52,48,65,50
74,0055,Golduck,500,80,82,78,95,80
75,0056,Mankey,305,40,80,35,35,45
76,0057,Primeape,455,65,105,60,60,70
77,0058,Growlithe,350,55,70,45,70,50
78,0058,Growlithe,350,60,75,45,65,50
79,0059,Arcanine,555,90,110,80,100,80
80,0059,Arcanine,555,95,115,80,95,80
81,0060,Poliwag,300,40,50,40,40,40
82,0061,Poliwhirl,385,65,65,65,50,50
83,0062,Poliwrath,510,90,95,95,70,90
84,0063,Abra,310,25,20,15,105,55
85,0064,Kadabra,400,40,35,30,120,70
86,0065,Alakazam,500,55,50,45,135,95
87,0065,Alakazam,600,55,50,65,175,105
88,0066,Machop,305,70,80,50,35,35
89,0067,Machoke,405,80,100,70,50,60
90,0068,Machamp,505,90,130,80,65,85
91,0069,Bellsprout,300,50,75,35,70,30
92,0070,Weepinbell,390,65,90,50,85,45
93,0071,Victreebel,490,80,105,65,100,70
94,0072,Tentacool,335,40,40,35,50,100
95,0073,Tentacruel,515,80,70,65,80,120
96,0074,Geodude,300,40,80,100,30,30
97,0074,Geodude,300,40,80,100,30,30
98,0075,Graveler,390,55,95,115,45,45
99,0075,Graveler,390,55,95,115,45,45
100,0076,Golem,495,80,120,130,55,65
101,0076,Golem,495,80,120,130,55,65
102,0077,Ponyta,410,50,85,55,65,65
103,0077,Ponyta,410,50,85,55,65,65
104,0078,Rapidash,500,65,100,70,80,80
105,0078,Rapidash,500,65,100,70,80,80
106,0079,Slowpoke,315,90,65,65,40,40
107,0079,Slowpoke,315,90,65,65,40,40
108,0080,Slowbro,490,95,75,110,100,80
109,0080,Slowbro,590,95,75,180,130,80
110,0080,Slowbro,490,95,100,95,100,70
111,0081,Magnemite,325,25,35,70,95,55
112,0082,Magneton,465,50,60,95,120,70
113,0083,Farfetch'd,377,52,90,55,58,62
114,0083,Farfetch'd,377,52,95,55,58,62
115,0084,Doduo,310,35,85,45,35,35
116,0085,Dodrio,470,60,110,70,60,60
117,0086,Seel,325,65,45,55,45,70
118,0087,Dewgong,475,90,70,80,70,95
119,0088,Grimer,325,80,80,50,40,50
120,0088,Grimer,325,80,80,50,40,50
121,0089,Muk,500,105,105,75,65,100
122,0089,Muk,500,105,105,75,65,100
123,0090,Shellder,305,30,65,100,45,25
124,0091,Cloyster,525,50,95,180,85,45
125,0092,Gastly,310,30,35,30,100,35
126,0093,Haunter,405,45,50,45,115,55
127,0094,Gengar,500,60,65,60,130,75
128,0094,Gengar,600,60,65,80,170,95
129,0095,Onix,385,35,45,160,30,45
130,0096,Drowzee,328,60,48,45,43,90
131,0097,Hypno,483,85,73,70,73,115
132,0098,Krabby,325,30,105,90,25,25
133,0099,Kingler,475,55,130,115,50,50
134,0100,Voltorb,330,40,30,50,55,55
135,0100,Voltorb,330,40,30,50,55,55
136,0101,Electrode,490,60,50,70,80,80
137,0101,Electrode,490,60,50,70,80,80
138,0102,Exeggcute,325,60,40,80,60,45
139,0103,Exeggutor,530,95,95,85,125,75
140,0103,Exeggutor,530,95,105,85,125,75
141,0104,Cubone,320,50,50,95,40,50
142,0105,Marowak,425,60,80,110,50,80
143,0105,Marowak,425,60,80,110,50,80
144,0106,Hitmonlee,455,50,120,53,35,110
145,0107,Hitmonchan,455,50,105,79,35,110
146,0108,Lickitung,385,90,55,75,60,75
147,0109,Koffing,340,40,65,95,60,45
148,0110,Weezing,490,65,90,120,85,70
149,0110,Weezing,490,65,90,120,85,70
150,0111,Rhyhorn,345,80,85,95,30,30
151,0112,Rhydon,485,105,130,120,45,45
152,0113,Chansey,450,250,5,5,35,105
153,0114,Tangela,435,65,55,115,100,40
154,0115,Kangaskhan,490,105,95,80,40,80
155,0115,Kangaskhan,590,105,125,100,60,100
156,0116,Horsea,295,30,40,70,70,25
157,0117,Seadra,440,55,65,95,95,45
158,0118,Goldeen,320,45,67,60,35,50
159,0119,Seaking,450,80,92,65,65,80
160,0120,Staryu,340,30,45,55,70,55
161,0121,Starmie,520,60,75,85,100,85
162,0122,Mr. Mime,460,40,45,65,100,120
163,0122,Mr. Mime,460,50,65,65,90,90
164,0123,Scyther,500,70,110,80,55,80
165,0124,Jynx,455,65,50,35,115,95
166,0125,Electabuzz,490,65,83,57,95,85
167,0126,Magmar,495,65,95,57,100,85
168,0127,Pinsir,500,65,125,100,55,70
169,0127,Pinsir,600,65,155,120,65,90
170,0128,Tauros,490,75,100,95,40,70
171,0128,Tauros,490,75,110,105,30,70
172,0128,Tauros,490,75,110,105,30,70
173,0128,Tauros,490,75,110,105,30,70
174,0129,Magikarp,200,20,10,55,15,20
175,0130,Gyarados,540,95,125,79,60,100
176,0130,Gyarados,640,95,155,109,70,130
177,0131,Lapras,535,130,85,80,85,95
178,0132,Ditto,288,48,48,48,48,48
179,0133,Eevee,325,55,55,50,45,65
180,0133,Eevee,435,65,75,70,65,85
181,0134,Vaporeon,525,130,65,60,110,95
182,0135,Jolteon,525,65,65,60,110,95
183,0136,Flareon,525,65,130,60,95,110
184,0137,Porygon,395,65,60,70,85,75
185,0138,Omanyte,355,35,40,100,90,55
186,0139,Omastar,495,70,60,125,115,70
187,0140,Kabuto,355,30,80,90,55,45
188,0141,Kabutops,495,60,115,105,65,70
189,0142,Aerodactyl,515,80,105,65,60,75
190,0142,Aerodactyl,615,80,135,85,70,95
191,0143,Snorlax,540,160,110,65,65,110
192,0144,Articuno,580,90,85,100,95,125
193,0144,Articuno,580,90,85,85,125,100
194,0145,Zapdos,580,90,90,85,125,90
195,0145,Zapdos,580,90,125,90,85,90
196,0146,Moltres,580,90,100,90,125,85
197,0146,Moltres,580,90,85,90,100,125
198,0147,Dratini,300,41,64,45,50,50
199,0148,Dragonair,420,61,84,65,70,70
200,0149,Dragonite,600,91,134,95,100,100
201,0150,Mewtwo,680,106,110,90,154,90
202,0150,Mewtwo,780,106,190,100,154,100
203,0150,Mewtwo,780,106,150,70,194,120
204,0151,Mew,600,100,100,100,100,100
205,0152,Chikorita,318,45,49,65,49,65
206,0153,Bayleef,405,60,62,80,63,80
207,0154,Meganium,525,80,82,100,83,100
208,0155,Cyndaquil,309,39,52,43,60,50
209,0156,Quilava,405,58,64,58,80,65
210,0157,Typhlosion,534,78,84,78,109,85
211,0157,Typhlosion,534,73,84,78,119,85
212,0158,Totodile,314,50,65,64,44,48
213,0159,Croconaw,405,65,80,80,59,63
214,0160,Feraligatr,530,85,105,100,79,83
215,0161,Sentret,215,35,46,34,35,45
216,0162,Furret,415,85,76,64,45,55
217,0163,Hoothoot,262,60,30,30,36,56
218,0164,Noctowl,452,100,50,50,86,96
219,0165,Ledyba,265,40,20,30,40,80
220,0166,Ledian,390,55,35,50,55,110
221,0167,Spinarak,250,40,60,40,40,40
222,0168,Ariados,400,70,90,70,60,70
223,0169,Crobat,535,85,90,80,70,80
224,0170,Chinchou,330,75,38,38,56,56
225,0171,Lanturn,460,125,58,58,76,76
226,0172,Pichu,205,20,40,15,35,35
227,0173,Cleffa,218,50,25,28,45,55
228,0174,Igglybuff,210,90,30,15,40,20
229,0175,Togepi,245,35,20,65,40,65
230,0176,Togetic,405,55,40,85,80,105
231,0177,Natu,320,40,50,45,70,45
232,0178,Xatu,470,65,75,70,95,70
233,0179,Mareep,280,55,40,40,65,45
234,0180,Flaaffy,365,70,55,55,80,60
235,0181,Ampharos,510,90,75,85,115,90
236,0181,Ampharos,610,90,95,105,165,110
237,0182,Bellossom,490,75,80,95,90,100
238,0183,Marill,250,70,20,50,20,50
239,0184,Azumarill,420,100,50,80,60,80
240,0185,Sudowoodo,410,70,100,115,30,65
241,0186,Politoed,500,90,75,75,90,100
242,0187,Hoppip,250,35,35,40,35,55
243,0188,Skiploom,340,55,45,50,45,65
244,0189,Jumpluff,460,75,55,70,55,95
245,0190,Aipom,360,55,70,55,40,55
246,0191,Sunkern,180,30,30,30,30,30
247,0192,Sunflora,425,75,75,55,105,85
248,0193,Yanma,390,65,65,45,75,45
249,0194,Wooper,210,55,45,45,25,25
250,0194,Wooper,210,55,45,45,25,25
251,0195,Quagsire,430,95,85,85,65,65
252,0196,Espeon,525,65,65,60,130,95
253,0197,Umbreon,525,95,65,110,60,130
254,0198,Murkrow,405,60,85,42,85,42
255,0199,Slowking,490,95,75,80,100,110
256,0199,Slowking,490,95,65,80,110,110
257,0200,Misdreavus,435,60,60,60,85,85
258,0201,Unown,336,48,72,48,72,48
259,0202,Wobbuffet,405,190,33,58,33,58
260,0203,Girafarig,455,70,80,65,90,65
261,0204,Pineco,290,50,65,90,35,35
262,0205,Forretress,465,75,90,140,60,60
263,0206,Dunsparce,415,100,70,70,65,65
264,0207,Gligar,430,65,75,105,35,65
265,0208,Steelix,510,75,85,200,55,65
266,0208,Steelix,610,75,125,230,55,95
267,0209,Snubbull,300,60,80,50,40,40
268,0210,Granbull,450,90,120,75,60,60
269,0211,Qwilfish,440,65,95,85,55,55
270,0211,Qwilfish,440,65,95,85,55,55
271,0212,Scizor,500,70,130,100,55,80
272,0212,Scizor,600,70,150,140,65,100
273,0213,Shuckle,505,20,10,230,10,230
274,0214,Heracross,500,80,125,75,40,95
275,0214,Heracross,600,80,185,115,40,105
276,0215,Sneasel,430,55,95,55,35,75
277,0215,Sneasel,430,55,95,55,35,75
278,0216,Teddiursa,330,60,80,50,50,50
279,0217,Ursaring,500,90,130,75,75,75
280,0218,Slugma,250,40,40,40,70,40
281,0219,Magcargo,430,60,50,120,90,80
282,0220,Swinub,250,50,50,40,30,30
283,0221,Piloswine,450,100,100,80,60,60
284,0222,Corsola,410,65,55,95,65,95
285,0222,Corsola,410,60,55,100,65,100
286,0223,Remoraid,300,35,65,35,65,35
287,0224,Octillery,480,75,105,75,105,75
288,0225,Delibird,330,45,55,45,65,45
289,0226,Mantine,485,85,40,70,80,140
290,0227,Skarmory,465,65,80,140,40,70
291,0228,Houndour,330,45,60,30,80,50
292,0229,Houndoom,500,75,90,50,110,80
293,0229,Houndoom,600,75,90,90,140,90
294,0230,Kingdra,540,75,95,95,95,95
295,0231,Phanpy,330,90,60,60,40,40
296,0232,Donphan,500,90,120,120,60,60
297,0233,Porygon2,515,85,80,90,105,95
298,0234,Stantler,465,73,95,62,85,65
299,0235,Smeargle,250,55,20,35,20,45
300,0236,Tyrogue,210,35,35,35,35,35
301,0237,Hitmontop,455,50,95,95,35,110
302,0238,Smoochum,305,45,30,15,85,65
303,0239,Elekid,360,45,63,37,65,55
304,0240,Magby,365,45,75,37,70,55
305,0241,Miltank,490,95,80,105,40,70
306,0242,Blissey,540,255,10,10,75,135
307,0243,Raikou,580,90,85,75,115,100
308,0244,Entei,580,115,115,85,90,75
309,0245,Suicune,580,100,75,115,90,115
310,0246,Larvitar,300,50,64,50,45,50
311,0247,Pupitar,410,70,84,70,65,70
312,0248,Tyranitar,600,100,134,110,95,100
313,0248,Tyranitar,700,100,164,150,95,120
314,0249,Lugia,680,106,90,130,90,154
315,0250,Ho-oh,680,106,130,90,110,154
316,0251,Celebi,600,100,100,100,100,100
317,0252,Treecko,310,40,45,35,65,55
318,0253,Grovyle,405,50,65,45,85,65
319,0254,Sceptile,530,70,85,65,105,85
320,0254,Sceptile,630,70,110,75,145,85
321,0255,Torchic,310,45,60,40,70,50
322,0256,Combusken,405,60,85,60,85,60
323,0257,Blaziken,530,80,120,70,110,70
324,0257,Blaziken,630,80,160,80,130,80
325,0258,Mudkip,310,50,70,50,50,50
326,0259,Marshtomp,405,70,85,70,60,70
327,0260,Swampert,535,100,110,90,85,90
328,0260,Swampert,635,100,150,110,95,110
329,0261,Poochyena,220,35,55,35,30,30
330,0262,Mightyena,420,70,90,70,60,60
331,0263,Zigzagoon,240,38,30,41,30,41
332,0263,Zigzagoon,240,38,30,41,30,41
333,0264,Linoone,420,78,70,61,50,61
334,0264,Linoone,420,78,70,61,50,61
335,0265,Wurmple,195,45,45,35,20,30
336,0266,Silcoon,205,50,35,55,25,25
337,0267,Beautifly,395,60,70,50,100,50
338,0268,Cascoon,205,50,35,55,25,25
339,0269,Dustox,385,60,50,70,50,90
340,0270,Lotad,220,40,30,30,40,50
341,0271,Lombre,340,60,50,50,60,70
342,0272,Ludicolo,480,80,70,70,90,100
343,0273,Seedot,220,40,40,50,30,30
344,0274,Nuzleaf,340,70,70,40,60,40
345,0275,Shiftry,480,90,100,60,90,60
346,0276,Taillow,270,40,55,30,30,30
347,0277,Swellow,455,60,85,60,75,50
348,0278,Wingull,270,40,30,30,55,30
349,0279,Pelipper,440,60,50,100,95,70
350,0280,Ralts,198,28,25,25,45,35
351,0281,Kirlia,278,38,35,35,65,55
352,0282,Gardevoir,518,68,65,65,125,115
353,0282,Gardevoir,618,68,85,65,165,135
354,0283,Surskit,269,40,30,32,50,52
355,0284,Masquerain,454,70,60,62,100,82
356,0285,Shroomish,295,60,40,60,40,60
357,0286,Breloom,460,60,130,80,60,60
358,0287,Slakoth,280,60,60,60,35,35
359,0288,Vigoroth,440,80,80,80,55,55
360,0289,Slaking,670,150,160,100,95,65
361,0290,Nincada,266,31,45,90,30,30
362,0291,Ninjask,456,61,90,45,50,50
363,0292,Shedinja,236,1,90,45,30,30
364,0293,Whismur,240,64,51,23,51,23
365,0294,Loudred,360,84,71,43,71,43
366,0295,Exploud,490,104,91,63,91,73
367,0296,Makuhita,237,72,60,30,20,30
368,0297,Hariyama,474,144,120,60,40,60
369,0298,Azurill,190,50,20,40,20,40
370,0299,Nosepass,375,30,45,135,45,90
371,0300,Skitty,260,50,45,45,35,35
372,0301,Delcatty,400,70,65,65,55,55
373,0302,Sableye,380,50,75,75,65,65
374,0302,Sableye,480,50,85,125,85,115
375,0303,Mawile,380,50,85,85,55,55
376,0303,Mawile,480,50,105,125,55,95
377,0304,Aron,330,50,70,100,40,40
378,0305,Lairon,430,60,90,140,50,50
379,0306,Aggron,530,70,110,180,60,60
380,0306,Aggron,630,70,140,230,60,80
381,0307,Meditite,280,30,40,55,40,55
382,0308,Medicham,410,60,60,75,60,75
383,0308,Medicham,510,60,100,85,80,85
384,0309,Electrike,295,40,45,40,65,40
385,0310,Manectric,475,70,75,60,105,60
386,0310,Manectric,575,70,75,80,135,80
387,0311,Plusle,405,60,50,40,85,75
388,0312,Minun,405,60,40,50,75,85
389,0313,Volbeat,430,65,73,75,47,85
390,0314,Illumise,430,65,47,75,73,85
391,0315,Roselia,400,50,60,45,100,80
392,0316,Gulpin,302,70,43,53,43,53
393,0317,Swalot,467,100,73,83,73,83
394,0318,Carvanha,305,45,90,20,65,20
395,0319,Sharpedo,460,70,120,40,95,40
396,0319,Sharpedo,560,70,140,70,110,65
397,0320,Wailmer,400,130,70,35,70,35
398,0321,Wailord,500,170,90,45,90,45
399,0322,Numel,305,60,60,40,65,45
400,0323,Camerupt,460,70,100,70,105,75
401,0323,Camerupt,560,70,120,100,145,105
402,0324,Torkoal,470,70,85,140,85,70
403,0325,Spoink,330,60,25,35,70,80
404,0326,Grumpig,470,80,45,65,90,110
405,0327,Spinda,360,60,60,60,60,60
406,0328,Trapinch,290,45,100,45,45,45
407,0329,Vibrava,340,50,70,50,50,50
408,0330,Flygon,520,80,100,80,80,80
409,0331,Cacnea,335,50,85,40,85,40
410,0332,Cacturne,475,70,115,60,115,60
411,0333,Swablu,310,45,40,60,40,75
412,0334,Altaria,490,75,70,90,70,105
413,0334,Altaria,590,75,110,110,110,105
414,0335,Zangoose,458,73,115,60,60,60
415,0336,Seviper,458,73,100,60,100,60
416,0337,Lunatone,460,90,55,65,95,85
417,0338,Solrock,460,90,95,85,55,65
418,0339,Barboach,288,50,48,43,46,41
419,0340,Whiscash,468,110,78,73,76,71
420,0341,Corphish,308,43,80,65,50,35
421,0342,Crawdaunt,468,63,120,85,90,55
422,0343,Baltoy,300,40,40,55,40,70
423,0344,Claydol,500,60,70,105,70,120
424,0345,Lileep,355,66,41,77,61,87
425,0346,Cradily,495,86,81,97,81,107
426,0347,Anorith,355,45,95,50,40,50
427,0348,Armaldo,495,75,125,100,70,80
428,0349,Feebas,200,20,15,20,10,55
429,0350,Milotic,540,95,60,79,100,125
430,0351,Castform,420,70,70,70,70,70
431,0351,Castform,420,70,70,70,70,70
432,0351,Castform,420,70,70,70,70,70
433,0351,Castform,420,70,70,70,70,70
434,0352,Kecleon,440,60,90,70,60,120
435,0353,Shuppet,295,44,75,35,63,33
436,0354,Banette,455,64,115,65,83,63
437,0354,Banette,555,64,165,75,93,83
438,0355,Duskull,295,20,40,90,30,90
439,0356,Dusclops,455,40,70,130,60,130
440,0357,Tropius,460,99,68,83,72,87
441,0358,Chimecho,455,75,50,80,95,90
442,0359,Absol,465,65,130,60,75,60
443,0359,Absol,565,65,150,60,115,60
444,0360,Wynaut,260,95,23,48,23,48
445,0361,Snorunt,300,50,50,50,50,50
446,0362,Glalie,480,80,80,80,80,80
447,0362,Glalie,580,80,120,80,120,80
448,0363,Spheal,290,70,40,50,55,50
449,0364,Sealeo,410,90,60,70,75,70
450,0365,Walrein,530,110,80,90,95,90
451,0366,Clamperl,345,35,64,85,74,55
452,0367,Huntail,485,55,104,105,94,75
453,0368,Gorebyss,485,55,84,105,114,75
454,0369,Relicanth,485,100,90,130,45,65
455,0370,Luvdisc,330,43,30,55,40,65
456,0371,Bagon,300,45,75,60,40,30
457,0372,Shelgon,420,65,95,100,60,50
458,0373,Salamence,600,95,135,80,110,80
459,0373,Salamence,700,95,145,130,120,90
460,0374,Beldum,300,40,55,80,35,60
461,0375,Metang,420,60,75,100,55,80
462,0376,Metagross,600,80,135,130,95,90
463,0376,Metagross,700,80,145,150,105,110
464,0377,Regirock,580,80,100,200,50,100
465,0378,Regice,580,80,50,100,100,200
466,0379,Registeel,580,80,75,150,75,150
467,0380,Latias,600,80,80,90,110,130
468,0380,Latias,700,80,100,120,140,150
469,0381,Latios,600,80,90,80,130,110
470,0381,Latios,700,80,130,100,160,120
471,0382,Kyogre,670,100,100,90,150,140
472,0382,Kyogre,770,100,150,90,180,160
473,0383,Groudon,670,100,150,140,100,90
474,0383,Groudon,770,100,180,160,150,90
475,0384,Rayquaza,680,105,150,90,150,90
476,0384,Rayquaza,780,105,180,100,180,100
477,0385,Jirachi,600,100,100,100,100,100
478,0386,Deoxys,600,50,150,50,150,50
479,0386,Deoxys,600,50,180,20,180,20
480,0386,Deoxys,600,50,70,160,70,160
481,0386,Deoxys,600,50,95,90,95,90
482,0387,Turtwig,318,55,68,64,45,55
483,0388,Grotle,405,75,89,85,55,65
484,0389,Torterra,525,95,109,105,75,85
485,0390,Chimchar,309,44,58,44,58,44
486,0391,Monferno,405,64,78,52,78,52
487,0392,Infernape,534,76,104,71,104,71
488,0393,Piplup,314,53,51,53,61,56
489,0394,Prinplup,405,64,66,68,81,76
490,0395,Empoleon,530,84,86,88,111,101
491,0396,Starly,245,40,55,30,30,30
492,0397,Staravia,340,55,75,50,40,40
493,0398,Staraptor,485,85,120,70,50,60
494,0399,Bidoof,250,59,45,40,35,40
495,0400,Bibarel,410,79,85,60,55,60
496,0401,Kricketot,194,37,25,41,25,41
497,0402,Kricketune,384,77,85,51,55,51
498,0403,Shinx,263,45,65,34,40,34
499,0404,Luxio,363,60,85,49,60,49
500,0405,Luxray,523,80,120,79,95,79
501,0406,Budew,280,40,30,35,50,70
502,0407,Roserade,515,60,70,65,125,105
503,0408,Cranidos,350,67,125,40,30,30
504,0409,Rampardos,495,97,165,60,65,50
505,0410,Shieldon,350,30,42,118,42,88
506,0411,Bastiodon,495,60,52,168,47,138
507,0412,Burmy,224,40,29,45,29,45
508,0412,Burmy,224,40,29,45,29,45
509,0412,Burmy,224,40,29,45,29,45
510,0413,Wormadam,424,60,59,85,79,105
511,0413,Wormadam,424,60,79,105,59,85
512,0413,Wormadam,424,60,69,95,69,95
513,0414,Mothim,424,70,94,50,94,50
514,0415,Combee,244,30,30,42,30,42
515,0416,Vespiquen,474,70,80,102,80,102
516,0417,Pachirisu,405,60,45,70,45,90
517,0418,Buizel,330,55,65,35,60,30
518,0419,Floatzel,495,85,105,55,85,50
519,0420,Cherubi,275,45,35,45,62,53
520,0421,Cherrim,450,70,60,70,87,78
521,0422,Shellos,325,76,48,48,57,62
522,0423,Gastrodon,475,111,83,68,92,82
523,0424,Ambipom,482,75,100,66,60,66
524,0425,Drifloon,348,90,50,34,60,44
525,0426,Drifblim,498,150,80,44,90,54
526,0427,Buneary,350,55,66,44,44,56
527,0428,Lopunny,480,65,76,84,54,96
528,0428,Lopunny,580,65,136,94,54,96
529,0429,Mismagius,495,60,60,60,105,105
530,0430,Honchkrow,505,100,125,52,105,52
531,0431,Glameow,310,49,55,42,42,37
532,0432,Purugly,452,71,82,64,64,59
533,0433,Chingling,285,45,30,50,65,50
534,0434,Stunky,329,63,63,47,41,41
535,0435,Skuntank,479,103,93,67,71,61
536,0436,Bronzor,300,57,24,86,24,86
537,0437,Bronzong,500,67,89,116,79,116
538,0438,Bonsly,290,50,80,95,10,45
539,0439,Mime Jr.,310,20,25,45,70,90
540,0440,Happiny,220,100,5,5,15,65
541,0441,Chatot,411,76,65,45,92,42
542,0442,Spiritomb,485,50,92,108,92,108
543,0443,Gible,300,58,70,45,40,45
544,0444,Gabite,410,68,90,65,50,55
545,0445,Garchomp,600,108,130,95,80,85
546,0445,Garchomp,700,108,170,115,120,95
547,0446,Munchlax,390,135,85,40,40,85
548,0447,Riolu,285,40,70,40,35,40
549,0448,Lucario,525,70,110,70,115,70
550,0448,Lucario,625,70,145,88,140,70
551,0449,Hippopotas,330,68,72,78,38,42
552,0450,Hippowdon,525,108,112,118,68,72
553,0451,Skorupi,330,40,50,90,30,55
554,0452,Drapion,500,70,90,110,60,75
555,0453,Croagunk,300,48,61,40,61,40
556,0454,Toxicroak,490,83,106,65,86,65
557,0455,Carnivine,454,74,100,72,90,72
558,0456,Finneon,330,49,49,56,49,61
559,0457,Lumineon,460,69,69,76,69,86
560,0458,Mantyke,345,45,20,50,60,120
561,0459,Snover,334,60,62,50,62,60
562,0460,Abomasnow,494,90,92,75,92,85
563,0460,Abomasnow,594,90,132,105,132,105
564,0461,Weavile,510,70,120,65,45,85
565,0462,Magnezone,535,70,70,115,130,90
566,0463,Lickilicky,515,110,85,95,80,95
567,0464,Rhyperior,535,115,140,130,55,55
568,0465,Tangrowth,535,100,100,125,110,50
569,0466,Electivire,540,75,123,67,95,85
570,0467,Magmortar,540,75,95,67,125,95
571,0468,Togekiss,545,85,50,95,120,115
572,0469,Yanmega,515,86,76,86,116,56
573,0470,Leafeon,525,65,110,130,60,65
574,0471,Glaceon,525,65,60,110,130,95
575,0472,Gliscor,510,75,95,125,45,75
576,0473,Mamoswine,530,110,130,80,70,60
577,0474,Porygon-Z,535,85,80,70,135,75
578,0475,Gallade,518,68,125,65,65,115
579,0475,Gallade,618,68,165,95,65,115
580,0476,Probopass,525,60,55,145,75,150
581,0477,Dusknoir,525,45,100,135,65,135
582,0478,Froslass,480,70,80,70,80,70
583,0479,Rotom,440,50,50,77,95,77
584,0479,Rotom,520,50,65,107,105,107
585,0479,Rotom,520,50,65,107,105,107
586,0479,Rotom,520,50,65,107,105,107
587,0479,Rotom,520,50,65,107,105,107
588,0479,Rotom,520,50,65,107,105,107
589,0480,Uxie,580,75,75,130,75,130
590,0481,Mesprit,580,80,105,105,105,105
591,0482,Azelf,580,75,125,70,125,70
592,0483,Dialga,680,100,120,120,150,100
593,0483,Dialga,680,100,100,120,150,120
594,0484,Palkia,680,90,120,100,150,120
595,0484,Palkia,680,90,100,100,150,120
596,0485,Heatran,600,91,90,106,130,106
597,0486,Regigigas,670,110,160,110,80,110
598,0487,Giratina,680,150,100,120,100,120
599,0487,Giratina,680,150,120,100,120,100
600,0488,Cresselia,580,120,70,110,75,120
601,0489,Phione,480,80,80,80,80,80
602,0490,Manaphy,600,100,100,100,100,100
603,0491,Darkrai,600,70,90,90,135,90
604,0492,Shaymin,600,100,100,100,100,100
605,0492,Shaymin,600,100,103,75,120,75
606,0493,Arceus,720,120,120,120,120,120
607,0494,Victini,600,100,100,100,100,100
608,0495,Snivy,308,45,45,55,45,55
609,0496,Servine,413,60,60,75,60,75
610,0497,Serperior,528,75,75,95,75,95
611,0498,Tepig,308,65,63,45,45,45
612,0499,Pignite,418,90,93,55,70,55
613,0500,Emboar,528,110,123,65,100,65
614,0501,Oshawott,308,55,55,45,63,45
615,0502,Dewott,413,75,75,60,83,60
616,0503,Samurott,528,95,100,85,108,70
617,0503,Samurott,528,90,108,80,100,65
618,0504,Patrat,255,45,55,39,35,39
619,0505,Watchog,420,60,85,69,60,69
620,0506,Lillipup,275,45,60,45,25,45
621,0507,Herdier,370,65,80,65,35,65
622,0508,Stoutland,500,85,110,90,45,90
623,0509,Purrloin,281,41,50,37,50,37
624,0510,Liepard,446,64,88,50,88,50
625,0511,Pansage,316,50,53,48,53,48
626,0512,Simisage,498,75,98,63,98,63
627,0513,Pansear,316,50,53,48,53,48
628,0514,Simisear,498,75,98,63,98,63
629,0515,Panpour,316,50,53,48,53,48
630,0516,Simipour,498,75,98,63,98,63
631,0517,Munna,292,76,25,45,67,55
632,0518,Musharna,487,116,55,85,107,95
633,0519,Pidove,264,50,55,50,36,30
634,0520,Tranquill,358,62,77,62,50,42
635,0521,Unfezant,488,80,115,80,65,55
636,0522,Blitzle,295,45,60,32,50,32
637,0523,Zebstrika,497,75,100,63,80,63
638,0524,Roggenrola,280,55,75,85,25,25
639,0525,Boldore,390,70,105,105,50,40
640,0526,Gigalith,515,85,135,130,60,80
641,0527,Woobat,323,65,45,43,55,43
642,0528,Swoobat,425,67,57,55,77,55
643,0529,Drilbur,328,60,85,40,30,45
644,0530,Excadrill,508,110,135,60,50,65
645,0531,Audino,445,103,60,86,60,86
646,0531,Audino,545,103,60,126,80,126
647,0532,Timburr,305,75,80,55,25,35
648,0533,Gurdurr,405,85,105,85,40,50
649,0534,Conkeldurr,505,105,140,95,55,65
650,0535,Tympole,294,50,50,40,50,40
651,0536,Palpitoad,384,75,65,55,65,55
652,0537,Seismitoad,509,105,95,75,85,75
653,0538,Throh,465,120,100,85,30,85
654,0539,Sawk,465,75,125,75,30,75
655,0540,Sewaddle,310,45,53,70,40,60
656,0541,Swadloon,380,55,63,90,50,80
657,0542,Leavanny,500,75,103,80,70,80
658,0543,Venipede,260,30,45,59,30,39
659,0544,Whirlipede,360,40,55,99,40,79
660,0545,Scolipede,485,60,100,89,55,69
661,0546,Cottonee,280,40,27,60,37,50
662,0547,Whimsicott,480,60,67,85,77,75
663,0548,Petilil,280,45,35,50,70,50
664,0549,Lilligant,480,70,60,75,110,75
665,0549,Lilligant,480,70,105,75,50,75
666,0550,Basculin,460,70,92,65,80,55
667,0550,Basculin,460,70,92,65,80,55
668,0550,Basculin,460,70,92,65,80,55
669,0551,Sandile,292,50,72,35,35,35
670,0552,Krokorok,351,60,82,45,45,45
671,0553,Krookodile,519,95,117,80,65,70
672,0554,Darumaka,315,70,90,45,15,45
673,0554,Darumaka,315,70,90,45,15,45
674,0555,Darmanitan,480,105,140,55,30,55
675,0555,Darmanitan,540,105,30,105,140,105
676,0555,Darmanitan,480,105,140,55,30,55
677,0555,Darmanitan,540,105,160,55,30,55
678,0556,Maractus,461,75,86,67,106,67
679,0557,Dwebble,325,50,65,85,35,35
680,0558,Crustle,485,70,105,125,65,75
681,0559,Scraggy,348,50,75,70,35,70
682,0560,Scrafty,488,65,90,115,45,115
683,0561,Sigilyph,490,72,58,80,103,80
684,0562,Yamask,303,38,30,85,55,65
685,0562,Yamask,303,38,55,85,30,65
686,0563,Cofagrigus,483,58,50,145,95,105
687,0564,Tirtouga,355,54,78,103,53,45
688,0565,Carracosta,495,74,108,133,83,65
689,0566,Archen,401,55,112,45,74,45
690,0567,Archeops,567,75,140,65,112,65
691,0568,Trubbish,329,50,50,62,40,62
692,0569,Garbodor,474,80,95,82,60,82
693,0570,Zorua,330,40,65,40,80,40
694,0570,Zorua,330,35,60,40,85,40
695,0571,Zoroark,510,60,105,60,120,60
696,0571,Zoroark,510,55,100,60,125,60
697,0572,Minccino,300,55,50,40,40,40
698,0573,Cinccino,470,75,95,60,65,60
699,0574,Gothita,290,45,30,50,55,65
700,0575,Gothorita,390,60,45,70,75,85
701,0576,Gothitelle,490,70,55,95,95,110
702,0577,Solosis,290,45,30,40,105,50
703,0578,Duosion,370,65,40,50,125,60
704,0579,Reuniclus,490,110,65,75,125,85
705,0580,Ducklett,305,62,44,50,44,50
706,0581,Swanna,473,75,87,63,87,63
707,0582,Vanillite,305,36,50,50,65,60
708,0583,Vanillish,395,51,65,65,80,75
709,0584,Vanilluxe,535,71,95,85,110,95
710,0585,Deerling,335,60,60,50,40,50
711,0586,Sawsbuck,475,80,100,70,60,70
712,0587,Emolga,428,55,75,60,75,60
713,0588,Karrablast,315,50,75,45,40,45
714,0589,Escavalier,495,70,135,105,60,105
715,0590,Foongus,294,69,55,45,55,55
716,0591,Amoonguss,464,114,85,70,85,80
717,0592,Frillish,335,55,40,50,65,85
718,0593,Jellicent,480,100,60,70,85,105
719,0594,Alomomola,470,165,75,80,40,45
720,0595,Joltik,319,50,47,50,57,50
721,0596,Galvantula,472,70,77,60,97,60
722,0597,Ferroseed,305,44,50,91,24,86
723,0598,Ferrothorn,489,74,94,131,54,116
724,0599,Klink,300,40,55,70,45,60
725,0600,Klang,440,60,80,95,70,85
726,0601,Klinklang,520,60,100,115,70,85
727,0602,Tynamo,275,35,55,40,45,40
728,0603,Eelektrik,405,65,85,70,75,70
729,0604,Eelektross,515,85,115,80,105,80
730,0605,Elgyem,335,55,55,55,85,55
731,0606,Beheeyem,485,75,75,75,125,95
732,0607,Litwick,275,50,30,55,65,55
733,0608,Lampent,370,60,40,60,95,60
734,0609,Chandelure,520,60,55,90,145,90
735,0610,Axew,320,46,87,60,30,40
736,0611,Fraxure,410,66,117,70,40,50
737,0612,Haxorus,540,76,147,90,60,70
738,0613,Cubchoo,305,55,70,40,60,40
739,0614,Beartic,505,95,130,80,70,80
740,0615,Cryogonal,515,80,50,50,95,135
741,0616,Shelmet,305,50,40,85,40,65
742,0617,Accelgor,495,80,70,40,100,60
743,0618,Stunfisk,471,109,66,84,81,99
744,0618,Stunfisk,471,109,81,99,66,84
745,0619,Mienfoo,350,45,85,50,55,50
746,0620,Mienshao,510,65,125,60,95,60
747,0621,Druddigon,485,77,120,90,60,90
748,0622,Golett,303,59,74,50,35,50
749,0623,Golurk,483,89,124,80,55,80
750,0624,Pawniard,340,45,85,70,40,40
751,0625,Bisharp,490,65,125,100,60,70
752,0626,Bouffalant,490,95,110,95,40,95
753,0627,Rufflet,350,70,83,50,37,50
754,0628,Braviary,510,100,123,75,57,75
755,0628,Braviary,510,110,83,70,112,70
756,0629,Vullaby,370,70,55,75,45,65
757,0630,Mandibuzz,510,110,65,105,55,95
758,0631,Heatmor,484,85,97,66,105,66
759,0632,Durant,484,58,109,112,48,48
760,0633,Deino,300,52,65,50,45,50
761,0634,Zweilous,420,72,85,70,65,70
762,0635,Hydreigon,600,92,105,90,125,90
763,0636,Larvesta,360,55,85,55,50,55
764,0637,Volcarona,550,85,60,65,135,105
765,0638,Cobalion,580,91,90,129,90,72
766,0639,Terrakion,580,91,129,90,72,90
767,0640,Virizion,580,91,90,72,90,129
768,0641,Tornadus,580,79,115,70,125,80
769,0641,Tornadus,580,79,100,80,110,90
770,0642,Thundurus,580,79,115,70,125,80
771,0642,Thundurus,580,79,105,70,145,80
772,0643,Reshiram,680,100,120,100,150,120
773,0644,Zekrom,680,100,150,120,120,100
774,0645,Landorus,600,89,125,90,115,80
775,0645,Landorus,600,89,145,90,105,80
776,0646,Kyurem,660,125,130,90,130,90
777,0646,Kyurem,700,125,120,90,170,100
778,0646,Kyurem,700,125,170,100,120,90
779,0647,Keldeo,580,91,72,90,129,90
780,0647,Keldeo,580,91,72,90,129,90
781,0648,Meloetta,600,100,77,77,128,128
782,0648,Meloetta,600,100,128,90,77,77
783,0649,Genesect,600,71,120,95,120,95
784,0650,Chespin,313,56,61,65,48,45
785,0651,Quilladin,405,61,78,95,56,58
786,0652,Chesnaught,530,88,107,122,74,75
787,0653,Fennekin,307,40,45,40,62,60
788,0654,Braixen,409,59,59,58,90,70
789,0655,Delphox,534,75,69,72,114,100
790,0656,Froakie,314,41,56,40,62,44
791,0657,Frogadier,405,54,63,52,83,56
792,0658,Greninja,530,72,95,67,103,71
793,0658,Greninja,640,72,145,67,153,71
794,0659,Bunnelby,237,38,36,38,32,36
795,0660,Diggersby,423,85,56,77,50,77
796,0661,Fletchling,278,45,50,43,40,38
797,0662,Fletchinder,382,62,73,55,56,52
798,0663,Talonflame,499,78,81,71,74,69
799,0664,Scatterbug,200,38,35,40,27,25
800,0665,Spewpa,213,45,22,60,27,30
801,0666,Vivillon,411,80,52,50,90,50
802,0667,Litleo,369,62,50,58,73,54
803,0668,Pyroar,507,86,68,72,109,66
804,0669,Flabébé,303,44,38,39,61,79
805,0670,Floette,371,54,45,47,75,98
806,0671,Florges,552,78,65,68,112,154
807,0672,Skiddo,350,66,65,48,62,57
808,0673,Gogoat,531,123,100,62,97,81
809,0674,Pancham,348,67,82,62,46,48
810,0675,Pangoro,495,95,124,78,69,71
811,0676,Furfrou,472,75,80,60,65,90
812,0677,Espurr,355,62,48,54,63,60
813,0678,Meowstic,466,74,48,76,83,81
814,0678,Meowstic,466,74,48,76,83,81
815,0679,Honedge,325,45,80,100,35,37
816,0680,Doublade,448,59,110,150,45,49
817,0681,Aegislash,500,60,50,140,50,140
818,0681,Aegislash,500,60,140,50,140,50
819,0682,Spritzee,341,78,52,60,63,65
820,0683,Aromatisse,462,101,72,72,99,89
821,0684,Swirlix,341,62,48,66,59,57
822,0685,Slurpuff,480,82,80,86,85,75
823,0686,Inkay,288,53,54,53,37,46
824,0687,Malamar,482,86,92,88,68,75
825,0688,Binacle,306,42,52,67,39,56
826,0689,Barbaracle,500,72,105,115,54,86
827,0690,Skrelp,320,50,60,60,60,60
828,0691,Dragalge,494,65,75,90,97,123
829,0692,Clauncher,330,50,53,62,58,63
830,0693,Clawitzer,500,71,73,88,120,89
831,0694,Helioptile,289,44,38,33,61,43
832,0695,Heliolisk,481,62,55,52,109,94
833,0696,Tyrunt,362,58,89,77,45,45
834,0697,Tyrantrum,521,82,121,119,69,59
835,0698,Amaura,362,77,59,50,67,63
836,0699,Aurorus,521,123,77,72,99,92
837,0700,Sylveon,525,95,65,65,110,130
838,0701,Hawlucha,500,78,92,75,74,63
839,0702,Dedenne,431,67,58,57,81,67
840,0703,Carbink,500,50,50,150,50,150
841,0704,Goomy,300,45,50,35,55,75
842,0705,Sliggoo,452,68,75,53,83,113
843,0705,Sliggoo,452,58,75,83,83,113
844,0706,Goodra,600,90,100,70,110,150
845,0706,Goodra,600,80,100,100,110,150
846,0707,Klefki,470,57,80,91,80,87
847,0708,Phantump,309,43,70,48,50,60
848,0709,Trevenant,474,85,110,76,65,82
849,0710,Pumpkaboo,335,49,66,70,44,55
850,0710,Pumpkaboo,335,44,66,70,44,55
851,0710,Pumpkaboo,335,54,66,70,44,55
852,0710,Pumpkaboo,335,59,66,70,44,55
853,0711,Gourgeist,494,65,90,122,58,75
854,0711,Gourgeist,494,55,85,122,58,75
855,0711,Gourgeist,494,75,95,122,58,75
856,0711,Gourgeist,494,85,100,122,58,75
857,0712,Bergmite,304,55,69,85,32,35
858,0713,Avalugg,514,95,117,184,44,46
859,0713,Avalugg,514,95,127,184,34,36
860,0714,Noibat,245,40,30,35,45,40
861,0715,Noivern,535,85,70,80,97,80
862,0716,Xerneas,680,126,131,95,131,98
863,0717,Yveltal,680,126,131,95,131,98
864,0718,Zygarde,600,108,100,121,81,95
865,0718,Zygarde,486,54,100,71,61,85
866,0718,Zygarde,708,216,100,121,91,95
867,0719,Diancie,600,50,100,150,100,150
868,0719,Diancie,700,50,160,110,160,110
869,0720,Hoopa,600,80,110,60,150,130
870,0720,Hoopa,680,80,160,60,170,130
871,0721,Volcanion,600,80,110,120,130,90
872,0722,Rowlet,320,68,55,55,50,50
873,0723,Dartrix,420,78,75,75,70,70
874,0724,Decidueye,530,78,107,75,100,100
875,0724,Decidueye,530,88,112,80,95,95
876,0725,Litten,320,45,65,40,60,40
877,0726,Torracat,420,65,85,50,80,50
878,0727,Incineroar,530,95,115,90,80,90
879,0728,Popplio,320,50,54,54,66,56
880,0729,Brionne,420,60,69,69,91,81
881,0730,Primarina,530,80,74,74,126,116
882,0731,Pikipek,265,35,75,30,30,30
883,0732,Trumbeak,355,55,85,50,40,50
884,0733,Toucannon,485,80,120,75,75,75
885,0734,Yungoos,253,48,70,30,30,30
886,0735,Gumshoos,418,88,110,60,55,60
887,0736,Grubbin,300,47,62,45,55,45
888,0737,Charjabug,400,57,82,95,55,75
889,0738,Vikavolt,500,77,70,90,145,75
890,0739,Crabrawler,338,47,82,57,42,47
891,0740,Crabominable,478,97,132,77,62,67
892,0741,Oricorio,476,75,70,70,98,70
893,0741,Oricorio,476,75,70,70,98,70
894,0741,Oricorio,476,75,70,70,98,70
895,0741,Oricorio,476,75,70,70,98,70
896,0742,Cutiefly,304,40,45,40,55,40
897,0743,Ribombee,464,60,55,60,95,70
898,0744,Rockruff,280,45,65,40,30,40
899,0744,Rockruff,280,45,65,40,30,40
900,0745,Lycanroc,487,75,115,65,55,65
901,0745,Lycanroc,487,85,115,75,55,75
902,0745,Lycanroc,487,75,117,65,55,65
903,0746,Wishiwashi,175,45,20,20,25,25
904,0746,Wishiwashi,620,45,140,130,140,135
905,0747,Mareanie,305,50,53,62,43,52
906,0748,Toxapex,495,50,63,152,53,142
907,0749,Mudbray,385,70,100,70,45,55
908,0750,Mudsdale,500,100,125,100,55,85
909,0751,Dewpider,269,38,40,52,40,72
910,0752,Araquanid,454,68,70,92,50,132
911,0753,Fomantis,250,40,55,35,50,35
912,0754,Lurantis,480,70,105,90,80,90
913,0755,Morelull,285,40,35,55,65,75
914,0756,Shiinotic,405,60,45,80,90,100
915,0757,Salandit,320,48,44,40,71,40
916,0758,Salazzle,480,68,64,60,111,60
917,0759,Stufful,340,70,75,50,45,50
918,0760,Bewear,500,120,125,80,55,60
919,0761,Bounsweet,210,42,30,38,30,38
920,0762,Steenee,290,52,40,48,40,48
921,0763,Tsareena,510,72,120,98,50,98
922,0764,Comfey,485,51,52,90,82,110
923,0765,Oranguru,490,90,60,80,90,110
924,0766,Passimian,490,100,120,90,40,60
925,0767,Wimpod,230,25,35,40,20,30
926,0768,Golisopod,530,75,125,140,60,90
927,0769,Sandygast,320,55,55,80,70,45
928,0770,Palossand,480,85,75,110,100,75
929,0771,Pyukumuku,410,55,60,130,30,130
930,0772,Type: Null,534,95,95,95,95,95
931,0773,Silvally,570,95,95,95,95,95
932,0774,Minior,440,60,60,100,60,100
933,0774,Minior,500,60,100,60,100,60
934,0775,Komala,480,65,115,65,75,95
935,0776,Turtonator,485,60,78,135,91,85
936,0777,Togedemaru,435,65,98,63,40,73
937,0778,Mimikyu,476,55,90,80,50,105
938,0779,Bruxish,475,68,105,70,70,70
939,0780,Drampa,485,78,60,85,135,91
940,0781,Dhelmise,517,70,131,100,86,90
941,0782,Jangmo-o,300,45,55,65,45,45
942,0783,Hakamo-o,420,55,75,90,65,70
943,0784,Kommo-o,600,75,110,125,100,105
944,0785,Tapu Koko,570,70,115,85,95,75
945,0786,Tapu Lele,570,70,85,75,130,115
946,0787,Tapu Bulu,570,70,130,115,85,95
947,0788,Tapu Fini,570,70,75,115,95,130
948,0789,Cosmog,200,43,29,31,29,31
949,0790,Cosmoem,400,43,29,131,29,131
950,0791,Solgaleo,680,137,137,107,113,89
951,0792,Lunala,680,137,113,89,137,107
952,0793,Nihilego,570,109,53,47,127,131
953,0794,Buzzwole,570,107,139,139,53,53
954,0795,Pheromosa,570,71,137,37,137,37
955,0796,Xurkitree,570,83,89,71,173,71
956,0797,Celesteela,570,97,101,103,107,101
957,0798,Kartana,570,59,181,131,59,31
958,0799,Guzzlord,570,223,101,53,97,53
959,0800,Necrozma,600,97,107,101,127,89
960,0800,Necrozma,680,97,157,127,113,109
961,0800,Necrozma,680,97,113,109,157,127
962,0800,Necrozma,754,97,167,97,167,97
963,0801,Magearna,600,80,95,115,130,115
964,0802,Marshadow,600,90,125,80,90,90
965,0803,Poipole,420,67,73,67,73,67
966,0804,Naganadel,540,73,73,73,127,73
967,0805,Stakataka,570,61,131,211,53,101
968,0806,Blacephalon,570,53,127,53,151,79
969,0807,Zeraora,600,88,112,75,102,80
970,0808,Meltan,300,46,65,65,55,35
971,0809,Melmetal,600,135,143,143,80,65
972,0810,Grookey,310,50,65,50,40,40
973,0811,Thwackey,420,70,85,70,55,60
974,0812,Rillaboom,530,100,125,90,60,70
975,0813,Scorbunny,310,50,71,40,40,40
976,0814,Raboot,420,65,86,60,55,60
977,0815,Cinderace,530,80,116,75,65,75
978,0816,Sobble,310,50,40,40,70,40
979,0817,Drizzile,420,65,60,55,95,55
980,0818,Inteleon,530,70,85,65,125,65
981,0819,Skwovet,275,70,55,55,35,35
982,0820,Greedent,460,120,95,95,55,75
983,0821,Rookidee,245,38,47,35,33,35
984,0822,Corvisquire,365,68,67,55,43,55
985,0823,Corviknight,495,98,87,105,53,85
986,0824,Blipbug,180,25,20,20,25,45
987,0825,Dottler,335,50,35,80,50,90
988,0826,Orbeetle,505,60,45,110,80,120
989,0827,Nickit,245,40,28,28,47,52
990,0828,Thievul,455,70,58,58,87,92
991,0829,Gossifleur,250,40,40,60,40,60
992,0830,Eldegoss,460,60,50,90,80,120
993,0831,Wooloo,270,42,40,55,40,45
994,0832,Dubwool,490,72,80,100,60,90
995,0833,Chewtle,284,50,64,50,38,38
996,0834,Drednaw,485,90,115,90,48,68
997,0835,Yamper,270,59,45,50,40,50
998,0836,Boltund,490,69,90,60,90,60
999,0837,Rolycoly,240,30,40,50,40,50
1000,0838,Carkol,410,80,60,90,60,70
1001,0839,Coalossal,510,110,80,120,80,90
1002,0840,Applin,260,40,40,80,40,40
1003,0841,Flapple,485,70,110,80,95,60
1004,0842,Appletun,485,110,85,80,100,80
1005,0843,Silicobra,315,52,57,75,35,50
1006,0844,Sandaconda,510,72,107,125,65,70
1007,0845,Cramorant,475,70,85,55,85,95
1008,0846,Arrokuda,280,41,63,40,40,30
1009,0847,Barraskewda,490,61,123,60,60,50
1010,0848,Toxel,242,40,38,35,54,35
1011,0849,Toxtricity,502,75,98,70,114,70
1012,0849,Toxtricity,502,75,98,70,114,70
1013,0850,Sizzlipede,305,50,65,45,50,50
1014,0851,Centiskorch,525,100,115,65,90,90
1015,0852,Clobbopus,310,50,68,60,50,50
1016,0853,Grapploct,480,80,118,90,70,80
1017,0854,Sinistea,308,40,45,45,74,54
1018,0855,Polteageist,508,60,65,65,134,114
1019,0856,Hatenna,265,42,30,45,56,53
1020,0857,Hattrem,370,57,40,65,86,73
1021,0858,Hatterene,510,57,90,95,136,103
1022,0859,Impidimp,265,45,45,30,55,40
1023,0860,Morgrem,370,65,60,45,75,55
1024,0861,Grimmsnarl,510,95,120,65,95,75
1025,0862,Obstagoon,520,93,90,101,60,81
1026,0863,Perrserker,440,70,110,100,50,60
1027,0864,Cursola,510,60,95,50,145,130
1028,0865,Sirfetch'd,507,62,135,95,68,82
1029,0866,Mr. Rime,520,80,85,75,110,100
1030,0867,Runerigus,483,58,95,145,50,105
1031,0868,Milcery,270,45,40,40,50,61
1032,0869,Alcremie,495,65,60,75,110,121
1033,0870,Falinks,470,65,100,100,70,60
1034,0871,Pincurchin,435,48,101,95,91,85
1035,0872,Snom,185,30,25,35,45,30
1036,0873,Frosmoth,475,70,65,60,125,90
1037,0874,Stonjourner,470,100,125,135,20,20
1038,0875,Eiscue,470,75,80,110,65,90
1039,0875,Eiscue,470,75,80,70,65,50
1040,0876,Indeedee,475,60,65,55,105,95
1041,0876,Indeedee,475,70,55,65,95,105
1042,0877,Morpeko,436,58,95,58,70,58
1043,0877,Morpeko,436,58,95,58,70,58
1044,0878,Cufant,330,72,80,49,40,49
1045,0879,Copperajah,500,122,130,69,80,69
1046,0880,Dracozolt,505,90,100,90,80,70
1047,0881,Arctozolt,505,90,100,90,90,80
1048,0882,Dracovish,505,90,90,100,70,80
1049,0883,Arctovish,505,90,90,100,80,90
1050,0884,Duraludon,535,70,95,115,120,50
1051,0885,Dreepy,270,28,60,30,40,30
1052,0886,Drakloak,410,68,80,50,60,50
1053,0887,Dragapult,600,88,120,75,100,75
1054,0888,Zacian,660,92,120,115,80,115
1055,0888,Zacian,700,92,150,115,80,115
1056,0889,Zamazenta,660,92,120,115,80,115
1057,0889,Zamazenta,700,92,120,140,80,140
1058,0890,Eternatus,690,140,85,95,145,95
1059,0890,Eternatus,1125,255,115,250,125,250
1060,0891,Kubfu,385,60,90,60,53,50
1061,0892,Urshifu,550,100,130,100,63,60
1062,0892,Urshifu,550,100,130,100,63,60
1063,0893,Zarude,600,105,120,105,70,95
1064,0894,Regieleki,580,80,100,50,100,50
1065,0895,Regidrago,580,200,100,50,100,50
1066,0896,Glastrier,580,100,145,130,65,110
1067,0897,Spectrier,580,100,65,60,145,80
1068,0898,Calyrex,500,100,80,80,80,80
1069,0898,Calyrex,680,100,165,150,85,130
1070,0898,Calyrex,680,100,85,80,165,100
1071,0899,Wyrdeer,525,103,105,72,105,75
1072,0900,Kleavor,500,70,135,95,45,70
1073,0901,Ursaluna,550,130,140,105,45,80
1074,0901,Ursaluna,555,113,70,120,135,65
1075,0902,Basculegion,530,120,112,65,80,75
1076,0902,Basculegion,530,120,92,65,100,75
1077,0903,Sneasler,510,80,130,60,40,80
1078,0904,Overqwil,510,85,115,95,65,65
1079,0905,Enamorus,580,74,115,70,135,80
1080,0905,Enamorus,580,74,115,110,135,100
1081,0906,Sprigatito,310,40,61,54,45,45
1082,0907,Floragato,410,61,80,63,60,63
1083,0908,Meowscarada,530,76,110,70,81,70
1084,0909,Fuecoco,310,67,45,59,63,40
1085,0910,Crocalor,411,81,55,78,90,58
1086,0911,Skeledirge,530,104,75,100,110,75
1087,0912,Quaxly,310,55,65,45,50,45
1088,0913,Quaxwell,410,70,85,65,65,60
1089,0914,Quaquaval,530,85,120,80,85,75
1090,0915,Lechonk,254,54,45,40,35,45
1091,0916,Oinkologne,489,110,100,75,59,80
1092,0916,Oinkologne,489,115,90,70,59,90
1093,0917,Tarountula,210,35,41,45,29,40
1094,0918,Spidops,404,60,79,92,52,86
1095,0919,Nymble,210,33,46,40,21,25
1096,0920,Lokix,450,71,102,78,52,55
1097,0921,Pawmi,240,45,50,20,40,25
1098,0922,Pawmo,350,60,75,40,50,40
1099,0923,Pawmot,490,70,115,70,70,60
1100,0924,Tandemaus,305,50,50,45,40,45
1101,0925,Maushold,470,74,75,70,65,75
1102,0925,Maushold,470,74,75,70,65,75
1103,0926,Fidough,312,37,55,70,30,55
1104,0927,Dachsbun,477,57,80,115,50,80
1105,0928,Smoliv,260,41,35,45,58,51
1106,0929,Dolliv,354,52,53,60,78,78
1107,0930,Arboliva,510,78,69,90,125,109
1108,0931,Squawkabilly,417,82,96,51,45,51
1109,0931,Squawkabilly,417,82,96,51,45,51
1110,0931,Squawkabilly,417,82,96,51,45,51
1111,0931,Squawkabilly,417,82,96,51,45,51
1112,0932,Nacli,280,55,55,75,35,35
1113,0933,Naclstack,355,60,60,100,35,65
1114,0934,Garganacl,500,100,100,130,45,90
1115,0935,Charcadet,255,40,50,40,50,40
1116,0936,Armarouge,525,85,60,100,125,80
1117,0937,Ceruledge,525,75,125,80,60,100
1118,0938,Tadbulb,272,61,31,41,59,35
1119,0939,Bellibolt,495,109,64,91,103,83
1120,0940,Wattrel,280,40,40,35,55,40
1121,0941,Kilowattrel,490,70,70,60,105,60
1122,0942,Maschiff,340,60,78,60,40,51
1123,0943,Mabosstiff,505,80,120,90,60,70
1124,0944,Shroodle,290,40,65,35,40,35
1125,0945,Grafaiai,485,63,95,65,80,72
1126,0946,Bramblin,275,40,65,30,45,35
1127,0947,Brambleghast,480,55,115,70,80,70
1128,0948,Toedscool,335,40,40,35,50,100
1129,0949,Toedscruel,515,80,70,65,80,120
1130,0950,Klawf,450,70,100,115,35,55
1131,0951,Capsakid,304,50,62,40,62,40
1132,0952,Scovillain,486,65,108,65,108,65
1133,0953,Rellor,270,41,50,60,31,58
1134,0954,Rabsca,470,75,50,85,115,100
1135,0955,Flittle,255,30,35,30,55,30
1136,0956,Espathra,481,95,60,60,101,60
1137,0957,Tinkatink,297,50,45,45,35,64
1138,0958,Tinkatuff,380,65,55,55,45,82
1139,0959,Tinkaton,506,85,75,77,70,105
1140,0960,Wiglett,245,10,55,25,35,25
1141,0961,Wugtrio,425,35,100,50,50,70
1142,0962,Bombirdier,485,70,103,85,60,85
1143,0963,Finizen,315,70,45,40,45,40
1144,0964,Palafin,457,100,70,72,53,62
1145,0964,Palafin,650,100,160,97,106,87
1146,0965,Varoom,300,45,70,63,30,45
1147,0966,Revavroom,500,80,119,90,54,67
1148,0967,Cyclizar,501,70,95,65,85,65
1149,0968,Orthworm,480,70,85,145,60,55
1150,0969,Glimmet,350,48,35,42,105,60
1151,0970,Glimmora,525,83,55,90,130,81
1152,0971,Greavard,290,50,61,60,30,55
1153,0972,Houndstone,488,72,101,100,50,97
1154,0973,Flamigo,500,82,115,74,75,64
1155,0974,Cetoddle,334,108,68,45,30,40
1156,0975,Cetitan,521,170,113,65,45,55
1157,0976,Veluza,478,90,102,73,78,65
1158,0977,Dondozo,530,150,100,115,65,65
1159,0978,Tatsugiri,475,68,50,60,120,95
1160,0978,Tatsugiri,475,68,50,60,120,95
1161,0978,Tatsugiri,475,68,50,60,120,95
1162,0979,Annihilape,535,110,115,80,50,90
1163,0980,Clodsire,430,130,75,60,45,100
1164,0981,Farigiraf,520,120,90,70,110,70
1165,0982,Dudunsparce,520,125,100,80,85,75
1166,0982,Dudunsparce,520,125,100,80,85,75
1167,0983,Kingambit,550,100,135,120,60,85
1168,0984,Great Tusk,570,115,131,131,53,53
1169,0985,Scream Tail,570,115,65,99,65,115
1170,0986,Brute Bonnet,570,111,127,99,79,99
1171,0987,Flutter Mane,570,55,55,55,135,135
1172,0988,Slither Wing,570,85,135,79,85,105
1173,0989,Sandy Shocks,570,85,81,97,121,85
1174,0990,Iron Treads,570,90,112,120,72,70
1175,0991,Iron Bundle,570,56,80,114,124,60
1176,0992,Iron Hands,570,154,140,108,50,68
1177,0993,Iron Jugulis,570,94,80,86,122,80
1178,0994,Iron Moth,570,80,70,60,140,110
1179,0995,Iron Thorns,570,100,134,110,70,84
1180,0996,Frigibax,320,65,75,45,35,45
1181,0997,Arctibax,423,90,95,66,45,65
1182,0998,Baxcalibur,600,115,145,92,75,86
1183,0999,Gimmighoul,300,45,30,70,75,70
1184,0999,Gimmighoul,300,45,30,25,75,45
1185,1000,Gholdengo,550,87,60,95,133,91
1186,1001,Wo-Chien,570,85,85,100,95,135
1187,1002,Chien-Pao,570,80,120,80,90,65
1188,1003,Ting-Lu,570,155,110,125,55,80
1189,1004,Chi-Yu,570,55,80,80,135,120
1190,1005,Roaring Moon,590,105,139,71,55,101
1191,1006,Iron Valiant,590,74,130,90,120,60
1192,1007,Koraidon,670,100,135,115,85,100
1193,1008,Miraidon,670,100,85,100,135,115
1194,1009,Walking Wake,590,99,83,91,125,83
1195,1010,Iron Leaves,590,90,130,88,70,108
1196,1011,Dipplin,485,80,80,110,95,80
1197,1012,Poltchageist,308,40,45,45,74,54
1198,1013,Sinistcha,508,71,60,106,121,80
1199,1014,Okidogi,555,88,128,115,58,86
1200,1015,Munkidori,555,88,75,66,130,90
1201,1016,Fezandipiti,555,88,91,82,70,125
1202,1017,Ogerpon,550,80,120,84,60,96
1203,1017,Ogerpon,550,80,120,84,60,96
1204,1017,Ogerpon,550,80,120,84,60,96
1205,1017,Ogerpon,550,80,120,84,60,96
1206,1018,Archaludon,600,90,105,130,125,65
1207,1019,Hydrapple,540,106,80,110,120,80
1208,1020,Gouging Fire,590,105,115,121,65,93
1209,1021,Raging Bolt,590,125,73,91,137,89
1210,1022,Iron Boulder,590,90,120,80,68,108
1211,1023,Iron Crown,590,90,72,100,122,108
1212,1024,Terapagos,450,90,65,85,65,85
1213,1024,Terapagos,600,95,95,110,105,110
1214,1024,Terapagos,700,160,105,110,130,110
1215,1025,Pecharunt,600,88,88,160,88,88
